Date,Open,High,Low,Close,Adj Close,Volume,Symbol
2022-01-19,38.0,43.0,38.0,42.0,41.120445251464844,129900,CEG
2022-01-20,40.95000076293945,48.369998931884766,40.95000076293945,45.0,44.0576171875,153400,CEG
2022-01-21,43.0,49.95000076293945,42.95000076293945,45.0,44.0576171875,329500,CEG
2022-01-24,44.91999816894531,45.0,41.880001068115234,42.79999923706055,41.90369415283203,110000,CEG
2022-01-25,42.5,44.91999816894531,41.33000183105469,41.89799880981445,41.02057647705078,23500,CEG
2022-01-26,45.0099983215332,45.060001373291016,42.25,43.220001220703125,42.31489944458008,90500,CEG
2022-01-27,47.2599983215332,49.619998931884766,43.75,45.7599983215332,44.801700592041016,151600,CEG
2022-01-28,44.54999923706055,47.599998474121094,44.150001525878906,46.75,45.770973205566406,43600,CEG
2022-01-31,46.0,48.0,46.0,48.0,46.99479293823242,71300,CEG
2022-02-01,47.5,50.0,47.04999923706055,49.779998779296875,48.737525939941406,298800,CEG
2022-02-02,50.03499984741211,56.22999954223633,49.79999923706055,53.0099983215332,51.899871826171875,23860900,CEG
2022-02-03,52.189998626708984,56.56999969482422,50.29999923706055,53.619998931884766,52.497100830078125,8425500,CEG
2022-02-04,52.599998474121094,54.33000183105469,50.119998931884766,50.13999938964844,49.08998107910156,6757800,CEG
2022-02-07,50.0,50.040000915527344,46.0,46.06999969482422,45.1052131652832,9432500,CEG
2022-02-08,45.130001068115234,47.560001373291016,44.16999816894531,45.5,44.54714584350586,7277500,CEG
2022-02-09,44.75,47.45000076293945,43.880001068115234,47.310001373291016,46.319252014160156,4393100,CEG
2022-02-10,45.5099983215332,48.5,45.380001068115234,47.04999923706055,46.06468963623047,2450000,CEG
2022-02-11,46.7599983215332,48.90999984741211,46.060001373291016,48.09000015258789,47.082908630371094,3456800,CEG
2022-02-14,48.189998626708984,49.0,46.9900016784668,48.11000061035156,47.10249328613281,2155000,CEG
2022-02-15,47.70000076293945,48.45000076293945,47.20000076293945,48.0,46.99479293823242,2359800,CEG
2022-02-16,47.720001220703125,48.470001220703125,46.95000076293945,47.20000076293945,46.2115478515625,5855300,CEG
2022-02-17,46.31999969482422,47.08000183105469,45.189998626708984,45.290000915527344,44.341548919677734,3142600,CEG
2022-02-18,45.150001525878906,45.900001525878906,44.79999923706055,45.40999984741211,44.45903396606445,2018700,CEG
2022-02-22,45.40999984741211,45.68000030517578,43.4900016784668,43.540000915527344,42.62820053100586,2611100,CEG
2022-02-23,43.689998626708984,43.9900016784668,42.18000030517578,43.09000015258789,42.187625885009766,2791200,CEG
2022-02-24,43.150001525878906,44.59000015258789,42.220001220703125,44.31999969482422,43.53431701660156,2447900,CEG
2022-02-25,44.29999923706055,44.93000030517578,43.7400016784668,43.90999984741211,43.13158416748047,2040700,CEG
2022-02-28,43.29999923706055,46.619998931884766,42.459999084472656,45.97999954223633,45.164886474609375,5534900,CEG
2022-03-01,45.619998931884766,48.04999923706055,45.349998474121094,47.790000915527344,46.94280242919922,4212900,CEG
2022-03-02,48.0,50.29999923706055,47.33000183105469,49.459999084472656,48.583194732666016,3517100,CEG
2022-03-03,49.81999969482422,50.33000183105469,47.547000885009766,49.52000045776367,48.64213943481445,2072200,CEG
2022-03-04,49.16999816894531,51.040000915527344,48.25,51.0,50.09589385986328,2544600,CEG
2022-03-07,51.060001373291016,52.58000183105469,49.869998931884766,51.650001525878906,50.734378814697266,2726900,CEG
2022-03-08,51.18000030517578,55.31999969482422,50.849998474121094,52.31999969482422,51.392494201660156,3873700,CEG
2022-03-09,52.439998626708984,53.68000030517578,50.59000015258789,51.33000183105469,50.420047760009766,3050600,CEG
2022-03-10,50.56999969482422,51.63999938964844,49.27000045776367,51.31999969482422,50.41022491455078,2692700,CEG
2022-03-11,51.41999816894531,51.84000015258789,48.290000915527344,49.31999969482422,48.4456787109375,3034100,CEG
2022-03-14,51.86000061035156,51.86000061035156,48.59000015258789,50.95000076293945,50.046783447265625,2916600,CEG
2022-03-15,51.34000015258789,51.59000015258789,49.900001525878906,51.290000915527344,50.38075256347656,2117400,CEG
2022-03-16,51.709999084472656,52.400001525878906,50.349998474121094,51.77000045776367,50.85224533081055,2989800,CEG
2022-03-17,51.880001068115234,52.709999084472656,50.90999984741211,50.9900016784668,50.0860710144043,2244600,CEG
2022-03-18,50.650001525878906,51.40999984741211,48.880001068115234,49.0099983215332,48.14117431640625,9663900,CEG
2022-03-21,48.90999984741211,49.43000030517578,48.599998474121094,49.220001220703125,48.347450256347656,2452000,CEG
2022-03-22,50.349998474121094,52.04999923706055,50.0099983215332,51.13999938964844,50.23341369628906,3841900,CEG
2022-03-23,50.70000076293945,51.77000045776367,50.70000076293945,50.9900016784668,50.0860710144043,2396200,CEG
2022-03-24,51.18000030517578,52.58000183105469,50.766998291015625,52.40999984741211,51.48089599609375,2335200,CEG
2022-03-25,52.2400016784668,53.81999969482422,52.029998779296875,53.79999923706055,52.84626388549805,2441200,CEG
2022-03-28,54.380001068115234,56.849998474121094,54.04999923706055,56.779998779296875,55.77342987060547,3127000,CEG
2022-03-29,57.0,57.38999938964844,54.630001068115234,56.33000183105469,55.3314094543457,2201300,CEG
2022-03-30,56.16999816894531,57.790000915527344,55.70000076293945,57.5,56.48067092895508,1934100,CEG
2022-03-31,58.34000015258789,59.08000183105469,55.779998779296875,56.25,55.252830505371094,3817600,CEG
2022-04-01,56.36000061035156,58.29999923706055,55.70000076293945,58.02000045776367,56.991451263427734,2156500,CEG
2022-04-04,58.36000061035156,58.70000076293945,57.529998779296875,58.380001068115234,57.345069885253906,1885100,CEG
2022-04-05,58.650001525878906,60.31999969482422,58.45000076293945,59.0,57.954071044921875,2143100,CEG
2022-04-06,58.900001525878906,60.08000183105469,58.369998931884766,59.599998474121094,58.54343795776367,2559400,CEG
2022-04-07,59.7599983215332,61.06999969482422,59.349998474121094,60.90999984741211,59.83021926879883,3925800,CEG
2022-04-08,61.220001220703125,64.9000015258789,60.900001525878906,64.0199966430664,62.88508605957031,4762100,CEG
2022-04-11,64.18000030517578,64.66200256347656,60.40999984741211,60.68000030517578,59.60429382324219,3487700,CEG
2022-04-12,61.0,63.209999084472656,60.880001068115234,61.869998931884766,60.773193359375,2553000,CEG
2022-04-13,62.040000915527344,64.55000305175781,61.75,64.19999694824219,63.06189727783203,3405700,CEG
2022-04-14,64.12000274658203,64.72000122070312,62.180999755859375,62.54999923706055,61.44114303588867,1860100,CEG
2022-04-18,62.290000915527344,64.16999816894531,62.290000915527344,63.310001373291016,62.18767547607422,1216800,CEG
2022-04-19,63.630001068115234,66.88999938964844,62.880001068115234,66.70999908447266,65.52739715576172,2078800,CEG
2022-04-20,67.81999969482422,68.68000030517578,65.06500244140625,65.41000366210938,64.25045013427734,2182800,CEG
2022-04-21,65.0,66.30000305175781,62.150001525878906,62.66999816894531,61.559017181396484,2493700,CEG
2022-04-22,62.5,64.45600128173828,62.290000915527344,62.43000030517578,61.323265075683594,2030500,CEG
2022-04-25,62.36000061035156,62.84000015258789,59.439998626708984,62.27000045776367,61.16610336303711,2261600,CEG
2022-04-26,61.79999923706055,62.220001220703125,59.90999984741211,59.95000076293945,58.887237548828125,2136500,CEG
2022-04-27,60.0099983215332,61.189998626708984,59.72999954223633,60.09000015258789,59.02475357055664,1991600,CEG
2022-04-28,60.220001220703125,61.349998474121094,58.79999923706055,61.310001373291016,60.22312545776367,3354600,CEG
2022-04-29,61.5,61.86000061035156,59.150001525878906,59.209999084472656,58.16034698486328,2578400,CEG
2022-05-02,59.29999923706055,59.9900016784668,56.900001525878906,58.20000076293945,57.16825866699219,2488200,CEG
2022-05-03,58.45000076293945,60.45000076293945,58.45000076293945,59.70000076293945,58.64167022705078,2224200,CEG
2022-05-04,60.119998931884766,62.29499816894531,59.84299850463867,61.810001373291016,60.714263916015625,2628900,CEG
2022-05-05,61.220001220703125,61.9900016784668,59.16999816894531,60.15999984741211,59.09351348876953,1946800,CEG
2022-05-06,60.2599983215332,61.22999954223633,58.70000076293945,60.27000045776367,59.201560974121094,2861000,CEG
2022-05-09,60.56999969482422,60.56999969482422,56.56999969482422,57.619998931884766,56.59854507446289,2193700,CEG
2022-05-10,58.25,59.869998931884766,56.73500061035156,57.040000915527344,56.0288200378418,2156200,CEG
2022-05-11,57.11000061035156,59.029998779296875,56.529998779296875,57.369998931884766,56.352970123291016,1877000,CEG
2022-05-12,57.310001373291016,57.849998474121094,53.08000183105469,53.470001220703125,52.651512145996094,3785600,CEG
2022-05-13,54.529998779296875,55.9010009765625,53.630001068115234,54.61000061035156,53.77406311035156,2317500,CEG
2022-05-16,54.41999816894531,57.130001068115234,54.34000015258789,56.59000015258789,55.723751068115234,1631900,CEG
2022-05-17,56.849998474121094,59.47999954223633,55.97999954223633,59.31999969482422,58.411956787109375,2215100,CEG
2022-05-18,59.41999816894531,60.255001068115234,56.93000030517578,57.279998779296875,56.40319061279297,4609100,CEG
2022-05-19,57.130001068115234,57.5099983215332,54.91999816894531,57.22999954223633,56.35395431518555,2181100,CEG
2022-05-20,57.5099983215332,58.939998626708984,55.4900016784668,56.650001525878906,55.7828369140625,2266200,CEG
2022-05-23,57.5,57.59000015258789,55.86000061035156,56.599998474121094,55.73360061645508,1581800,CEG
2022-05-24,56.54999923706055,57.36000061035156,55.06999969482422,56.779998779296875,55.91083908081055,1682300,CEG
2022-05-25,56.880001068115234,59.34000015258789,56.880001068115234,59.16999816894531,58.26425552368164,1974700,CEG
2022-05-26,59.18000030517578,63.042999267578125,59.16999816894531,62.470001220703125,61.51374435424805,3260100,CEG
2022-05-27,62.400001525878906,66.63999938964844,62.0,66.5999984741211,65.58053588867188,2793800,CEG
2022-05-31,65.54000091552734,66.38999938964844,61.369998931884766,62.08000183105469,61.12971878051758,7389300,CEG
2022-06-01,62.380001068115234,63.91999816894531,62.150001525878906,63.650001525878906,62.675689697265625,2008600,CEG
2022-06-02,63.689998626708984,64.12000274658203,61.97999954223633,63.75,62.77415466308594,1758500,CEG
2022-06-03,63.2599983215332,65.81999969482422,63.119998931884766,65.16999816894531,64.17241668701172,1793500,CEG
2022-06-06,65.56999969482422,66.94000244140625,65.38500213623047,66.38999938964844,65.37373352050781,2033200,CEG
2022-06-07,65.5199966430664,66.69999694824219,65.16100311279297,66.55000305175781,65.53130340576172,2721700,CEG
2022-06-08,66.44000244140625,66.47000122070312,63.130001068115234,64.7699966430664,63.778541564941406,1922200,CEG
2022-06-09,64.26000213623047,64.45999908447266,61.15999984741211,61.209999084472656,60.27302932739258,1811000,CEG
2022-06-10,59.849998474121094,61.060001373291016,59.209999084472656,59.790000915527344,58.87477111816406,1540800,CEG
2022-06-13,58.27000045776367,58.9900016784668,55.20000076293945,55.47999954223633,54.63074493408203,2113200,CEG
2022-06-14,56.029998779296875,56.47999954223633,53.31999969482422,54.439998626708984,53.60666275024414,2330400,CEG
2022-06-15,55.70000076293945,59.55500030517578,55.68000030517578,58.20000076293945,57.30910873413086,3891700,CEG
2022-06-16,56.33000183105469,58.349998474121094,56.08000183105469,58.2599983215332,57.368186950683594,4837000,CEG
2022-06-17,58.54999923706055,59.5,55.48500061035156,58.099998474121094,57.210636138916016,6478700,CEG
2022-06-21,58.099998474121094,60.939998626708984,58.099998474121094,60.380001068115234,59.45573806762695,4363600,CEG
2022-06-22,59.279998779296875,60.43000030517578,58.8650016784668,59.209999084472656,58.30364227294922,3233400,CEG
2022-06-23,59.880001068115234,61.22999954223633,57.790000915527344,58.650001525878906,57.752220153808594,2667600,CEG
2022-06-24,58.84000015258789,60.34000015258789,57.97999954223633,59.279998779296875,58.3725700378418,6473700,CEG
2022-06-27,59.119998931884766,59.87099838256836,58.41999816894531,59.41999816894531,58.51042938232422,1718900,CEG
2022-06-28,59.84000015258789,60.90999984741211,57.83000183105469,58.08000183105469,57.190948486328125,1401700,CEG
2022-06-29,57.959999084472656,58.154998779296875,56.31999969482422,57.310001373291016,56.43273162841797,1412200,CEG
2022-06-30,56.900001525878906,58.83399963378906,56.54999923706055,57.2599983215332,56.38349533081055,2424400,CEG
2022-07-01,56.720001220703125,58.09000015258789,56.619998931884766,57.599998474121094,56.718292236328125,1531900,CEG
2022-07-05,57.150001525878906,57.369998931884766,52.88999938964844,54.939998626708984,54.0990104675293,2696000,CEG
2022-07-06,55.130001068115234,57.220001220703125,54.560001373291016,56.7599983215332,55.891151428222656,1716600,CEG
2022-07-07,57.56999969482422,59.900001525878906,57.56999969482422,59.11000061035156,58.20518112182617,1872100,CEG
2022-07-08,58.939998626708984,59.810001373291016,57.41999816894531,59.650001525878906,58.73691940307617,2096000,CEG
2022-07-11,59.650001525878906,60.13999938964844,58.40999984741211,59.84000015258789,58.92400360107422,1774700,CEG
2022-07-12,59.40999984741211,61.11000061035156,58.91999816894531,59.22999954223633,58.32334518432617,1808400,CEG
2022-07-13,58.150001525878906,60.279998779296875,58.150001525878906,59.81999969482422,58.9043083190918,1577200,CEG
2022-07-14,58.290000915527344,58.970001220703125,57.09000015258789,57.91999816894531,57.03339385986328,2608600,CEG
2022-07-15,54.959999084472656,56.645999908447266,52.63999938964844,55.65999984741211,54.807987213134766,5186100,CEG
2022-07-18,56.33000183105469,56.66999816894531,54.59000015258789,54.810001373291016,53.97100067138672,2583100,CEG
2022-07-19,55.439998626708984,55.5,54.16999816894531,55.0,54.1580924987793,2326200,CEG
2022-07-20,55.15999984741211,55.345001220703125,53.369998931884766,54.06999969482422,53.24232482910156,2803600,CEG
2022-07-21,53.86000061035156,54.85499954223633,53.310001373291016,54.15999984741211,53.33094787597656,1816800,CEG
2022-07-22,54.790000915527344,55.599998474121094,53.41999816894531,54.0,53.17340087890625,1503100,CEG
2022-07-25,53.97999954223633,55.060001373291016,53.369998931884766,54.959999084472656,54.11870193481445,1847700,CEG
2022-07-26,55.400001525878906,56.66999816894531,54.88999938964844,55.5,54.65044021606445,1993500,CEG
2022-07-27,55.029998779296875,55.7599983215332,54.18000030517578,55.529998779296875,54.67998123168945,1557200,CEG
2022-07-28,62.58000183105469,65.94000244140625,62.189998626708984,64.58999633789062,63.601295471191406,8460600,CEG
2022-07-29,63.849998474121094,66.5999984741211,63.63999938964844,66.0999984741211,65.08817291259766,3895200,CEG
2022-08-01,66.05000305175781,66.5999984741211,64.12999725341797,65.30000305175781,64.30043029785156,2735200,CEG
2022-08-02,65.30000305175781,66.79000091552734,64.98999786376953,65.83999633789062,64.83216094970703,1722900,CEG
2022-08-03,66.62999725341797,67.37999725341797,65.54000091552734,67.16999816894531,66.14179992675781,2286700,CEG
2022-08-04,65.51000213623047,68.37000274658203,65.51000213623047,67.45999908447266,66.42735290527344,2425900,CEG
2022-08-05,69.76000213623047,75.9800033569336,69.75,74.30000305175781,73.16267395019531,4216800,CEG
2022-08-08,77.01000213623047,77.62999725341797,74.97000122070312,75.88999938964844,74.72831726074219,3183600,CEG
2022-08-09,75.75,76.7699966430664,75.0199966430664,75.72000122070312,74.56092071533203,2945700,CEG
2022-08-10,76.05000305175781,77.19999694824219,75.5,77.12000274658203,75.93949890136719,2134600,CEG
2022-08-11,77.12000274658203,80.05999755859375,76.68000030517578,78.83000183105469,77.62332153320312,2540200,CEG
2022-08-12,79.6500015258789,81.68000030517578,79.04000091552734,81.5,80.39624786376953,2170800,CEG
2022-08-15,80.25,82.43000030517578,80.25,81.19999694824219,80.10031127929688,1980100,CEG
2022-08-16,81.0999984741211,82.11000061035156,80.9000015258789,81.4000015258789,80.297607421875,1878800,CEG
2022-08-17,80.41999816894531,81.44999694824219,79.0999984741211,79.69999694824219,78.62062072753906,2502200,CEG
2022-08-18,79.41999816894531,82.1449966430664,79.41999816894531,81.5999984741211,80.49488830566406,1939600,CEG
2022-08-19,80.30999755859375,81.27999877929688,79.8499984741211,80.83999633789062,79.74518585205078,1704000,CEG
2022-08-22,80.75,80.75,79.5199966430664,79.6500015258789,78.57130432128906,1724600,CEG
2022-08-23,80.2699966430664,80.88999938964844,79.5999984741211,79.75,78.6699447631836,1065800,CEG
2022-08-24,79.66000366210938,80.81500244140625,79.30999755859375,80.37000274658203,79.28155517578125,1430200,CEG
2022-08-25,80.01000213623047,82.83000183105469,79.76499938964844,82.73999786376953,81.61946105957031,1551700,CEG
2022-08-26,82.73999786376953,83.2300033569336,80.5999984741211,80.83000183105469,79.7353286743164,1641000,CEG
2022-08-29,79.6500015258789,81.98999786376953,79.1500015258789,81.0,79.90302276611328,1191200,CEG
2022-08-30,81.58000183105469,81.58000183105469,78.9800033569336,79.69000244140625,78.61075592041016,1802800,CEG
2022-08-31,80.26000213623047,82.38999938964844,79.56999969482422,81.58999633789062,80.48503112792969,3016500,CEG
2022-09-01,81.58999633789062,82.94000244140625,81.16000366210938,82.5199966430664,81.40243530273438,2421100,CEG
2022-09-02,82.58000183105469,83.69000244140625,80.95999908447266,81.06999969482422,79.9720687866211,2232200,CEG
2022-09-06,81.69999694824219,82.69999694824219,81.08000183105469,82.26000213623047,81.14595794677734,2013300,CEG
2022-09-07,82.5999984741211,84.45999908447266,81.68399810791016,82.9000015258789,81.77729797363281,1759100,CEG
2022-09-08,82.87000274658203,85.94999694824219,82.87000274658203,85.79000091552734,84.6281509399414,2184400,CEG
2022-09-09,86.5,87.80999755859375,85.43499755859375,87.51000213623047,86.32486724853516,1905300,CEG
2022-09-12,88.55999755859375,88.66000366210938,87.45999908447266,88.12999725341797,86.93645477294922,1733800,CEG
2022-09-13,86.9000015258789,88.02999877929688,85.7699966430664,86.37999725341797,85.21015930175781,1974200,CEG
2022-09-14,86.37999725341797,88.52999877929688,86.26000213623047,88.05000305175781,86.8575439453125,3600300,CEG
2022-09-15,87.87999725341797,88.26000213623047,86.30999755859375,86.80000305175781,85.62447357177734,3631800,CEG
2022-09-16,86.61000061035156,86.86000061035156,84.89299774169922,85.56999969482422,84.41112518310547,6245600,CEG
2022-09-19,85.4000015258789,89.69999694824219,85.25,89.36000061035156,88.1498031616211,4407400,CEG
2022-09-20,88.41000366210938,90.18000030517578,87.55999755859375,87.75,86.56159973144531,4626000,CEG
2022-09-21,88.79000091552734,90.08999633789062,87.2300033569336,87.27999877929688,86.09798431396484,2155100,CEG
2022-09-22,88.0,88.0,84.62999725341797,85.37999725341797,84.22370147705078,1863300,CEG
2022-09-23,83.78500366210938,84.33999633789062,82.15499877929688,83.8499984741211,82.71441650390625,2678800,CEG
2022-09-26,83.66999816894531,84.94999694824219,81.6500015258789,82.91999816894531,81.79702758789062,1973300,CEG
2022-09-27,83.69000244140625,85.41500091552734,83.08000183105469,83.97000122070312,82.83279418945312,1777800,CEG
2022-09-28,84.11000061035156,85.52999877929688,83.18000030517578,85.0199966430664,83.86858367919922,1564300,CEG
2022-09-29,85.05000305175781,86.20999908447266,82.06999969482422,83.04000091552734,81.91539001464844,1823700,CEG
2022-09-30,83.27999877929688,84.44999694824219,82.22000122070312,83.19000244140625,82.06336212158203,3267800,CEG
2022-10-03,85.02999877929688,86.91000366210938,83.87000274658203,86.58999633789062,85.41731262207031,2026700,CEG
2022-10-04,88.30000305175781,89.46499633789062,87.16000366210938,89.33999633789062,88.13006591796875,1679100,CEG
2022-10-05,87.68000030517578,89.47000122070312,85.58999633789062,88.16999816894531,86.97590637207031,1766700,CEG
2022-10-06,88.2300033569336,89.90899658203125,85.94999694824219,86.27999877929688,85.11151123046875,1677300,CEG
2022-10-07,85.70999908447266,85.75,83.37000274658203,84.38999938964844,83.24710083007812,2017200,CEG
2022-10-10,84.94999694824219,85.62999725341797,83.93000030517578,84.72000122070312,83.57263946533203,982800,CEG
2022-10-11,84.41000366210938,85.31999969482422,82.55000305175781,82.87999725341797,81.757568359375,1534200,CEG
2022-10-12,83.11000061035156,83.58999633789062,81.68000030517578,82.16000366210938,81.04730987548828,1878400,CEG
2022-10-13,80.55999755859375,84.31999969482422,79.30000305175781,83.81999969482422,82.68482971191406,2746500,CEG
2022-10-14,84.20999908447266,84.76000213623047,80.70999908447266,81.26000213623047,80.15950012207031,1693300,CEG
2022-10-17,83.22000122070312,86.29000091552734,83.13999938964844,85.19000244140625,84.03628540039062,1678900,CEG
2022-10-18,86.5,87.4000015258789,84.51000213623047,86.51000213623047,85.33839416503906,1598900,CEG
2022-10-19,85.08999633789062,86.2300033569336,84.55999755859375,85.69000244140625,84.52951049804688,1325800,CEG
2022-10-20,86.37000274658203,86.7300033569336,84.18000030517578,84.55999755859375,83.414794921875,2076500,CEG
2022-10-21,84.69999694824219,87.45999908447266,83.66000366210938,87.27999877929688,86.09798431396484,1749200,CEG
2022-10-24,87.56800079345703,87.70999908447266,85.56999969482422,87.58000183105469,86.39391326904297,1325000,CEG
2022-10-25,87.5,88.55999755859375,86.75,88.1500015258789,86.95619201660156,1647200,CEG
2022-10-26,89.68000030517578,89.68000030517578,87.33000183105469,88.77999877929688,87.57765197753906,1370100,CEG
2022-10-27,89.80500030517578,93.13999938964844,89.80500030517578,93.04000091552734,91.77996063232422,3345800,CEG
2022-10-28,92.88999938964844,95.25199890136719,91.81999969482422,93.75,92.4803466796875,1958000,CEG
2022-10-31,94.13999938964844,95.41999816894531,93.375,94.54000091552734,93.25965118408203,2276600,CEG
2022-11-01,95.23999786376953,96.23999786376953,94.00499725341797,95.5199966430664,94.22636413574219,1467400,CEG
2022-11-02,94.68000030517578,96.29000091552734,92.9800033569336,93.08999633789062,91.82928466796875,1966100,CEG
2022-11-03,92.16000366210938,95.44999694824219,92.16000366210938,94.41000366210938,93.13141632080078,1484400,CEG
2022-11-04,95.08999633789062,96.20999908447266,92.74500274658203,94.31999969482422,93.0426254272461,1974300,CEG
2022-11-07,95.05999755859375,95.05999755859375,92.95999908447266,93.5,92.23373413085938,2120300,CEG
2022-11-08,89.55999755859375,93.1050033569336,86.08000183105469,87.54000091552734,86.35445404052734,4345400,CEG
2022-11-09,87.0,89.91999816894531,86.33000183105469,87.3499984741211,86.16702270507812,2241500,CEG
2022-11-10,90.5,95.83999633789062,88.19999694824219,95.13999938964844,93.85152435302734,4885600,CEG
2022-11-11,95.29000091552734,95.87000274658203,91.6050033569336,92.30999755859375,91.05985260009766,3133200,CEG
2022-11-14,92.0,94.72000122070312,92.0,93.91999816894531,92.78977966308594,1997000,CEG
2022-11-15,94.51000213623047,94.75,92.6500015258789,93.5,92.37483215332031,2537200,CEG
2022-11-16,94.30999755859375,94.5199966430664,91.27999877929688,91.68000030517578,90.57673645019531,1384600,CEG
2022-11-17,90.43000030517578,91.45999908447266,88.87000274658203,90.05000305175781,88.96635437011719,1792500,CEG
2022-11-18,90.12000274658203,93.44000244140625,90.0260009765625,93.30000305175781,92.17723846435547,2515700,CEG
2022-11-21,94.06999969482422,94.22000122070312,92.76000213623047,93.38999938964844,92.26615142822266,1744800,CEG
2022-11-22,94.55999755859375,96.36000061035156,94.08999633789062,96.2699966430664,95.11149597167969,1567600,CEG
2022-11-23,96.02999877929688,97.88999938964844,94.41500091552734,96.62000274658203,95.45729064941406,1135900,CEG
2022-11-25,96.5999984741211,97.44999694824219,96.0,97.16000366210938,95.99079132080078,631700,CEG
2022-11-28,96.06999969482422,96.58999633789062,94.37999725341797,94.80999755859375,93.6690673828125,1590100,CEG
2022-11-29,94.69000244140625,95.11000061035156,93.31999969482422,94.43000030517578,93.29364013671875,1436200,CEG
2022-11-30,94.13999938964844,96.94000244140625,93.76000213623047,96.12000274658203,94.96331024169922,3361800,CEG
2022-12-01,97.0,97.77999877929688,93.87999725341797,94.47000122070312,93.33316040039062,1748600,CEG
2022-12-02,92.98999786376953,93.48999786376953,91.04000091552734,92.04000091552734,90.93240356445312,1848700,CEG
2022-12-05,91.01000213623047,91.61000061035156,89.80000305175781,90.05999755859375,88.97622680664062,2397000,CEG
2022-12-06,89.86000061035156,90.87999725341797,89.80000305175781,90.77999877929688,89.68756103515625,1237500,CEG
2022-12-07,90.87999725341797,93.19999694824219,90.58999633789062,91.97000122070312,90.86324310302734,1237200,CEG
2022-12-08,92.33000183105469,92.98500061035156,90.93000030517578,91.41000366210938,90.30998229980469,1002400,CEG
2022-12-09,91.36000061035156,91.86000061035156,89.69000244140625,89.72000122070312,88.64031982421875,1384600,CEG
2022-12-12,89.9800033569336,90.91999816894531,89.06999969482422,90.87999725341797,89.78636169433594,1554100,CEG
2022-12-13,91.9800033569336,92.70999908447266,90.38999938964844,90.83999633789062,89.74683380126953,1629900,CEG
2022-12-14,91.54000091552734,92.29000091552734,89.87999725341797,90.8499984741211,89.75672149658203,2561600,CEG
2022-12-15,90.80999755859375,90.8499984741211,89.43000030517578,89.69999694824219,88.62055206298828,2245100,CEG
2022-12-16,88.1500015258789,88.5999984741211,85.93000030517578,88.19999694824219,87.13861846923828,3911700,CEG
2022-12-19,88.37999725341797,88.66999816894531,87.0,87.7300033569336,86.67427062988281,1238100,CEG
2022-12-20,88.0,88.12000274658203,87.125,87.55999755859375,86.50630950927734,1306600,CEG
2022-12-21,87.98999786376953,90.16999816894531,86.70999908447266,89.6500015258789,88.5711669921875,1409500,CEG
2022-12-22,89.12999725341797,89.375,86.52999877929688,87.33000183105469,86.27908325195312,1548300,CEG
2022-12-23,87.5199966430664,88.2300033569336,87.12999725341797,88.04000091552734,86.98053741455078,600700,CEG
2022-12-27,88.44000244140625,88.91000366210938,87.2699966430664,87.63999938964844,86.5853500366211,634400,CEG
2022-12-28,87.94999694824219,88.33999633789062,86.41999816894531,86.61000061035156,85.5677490234375,752000,CEG
2022-12-29,87.16000366210938,87.69000244140625,86.27999877929688,86.7699966430664,85.72582244873047,870800,CEG
2022-12-30,86.5999984741211,86.5999984741211,85.12000274658203,86.20999908447266,85.17256927490234,1343300,CEG
2023-01-03,86.0,86.12000274658203,80.79000091552734,81.91000366210938,80.92430877685547,4030600,CEG
2023-01-04,81.94999694824219,83.73999786376953,81.29000091552734,83.41000366210938,82.40626525878906,2612200,CEG
2023-01-05,82.91999816894531,83.91999816894531,81.88500213623047,82.41000366210938,81.41829681396484,1906300,CEG
2023-01-06,83.62000274658203,85.16000366210938,83.08000183105469,83.5,82.49517059326172,1914100,CEG
2023-01-09,83.8499984741211,85.20999908447266,83.58000183105469,84.0,82.98916625976562,1301500,CEG
2023-01-10,83.4000015258789,83.48999786376953,81.58000183105469,83.08000183105469,82.08023071289062,1376700,CEG
2023-01-11,83.0,84.375,82.44000244140625,84.11000061035156,83.09783172607422,1696200,CEG
2023-01-12,83.87999725341797,84.80000305175781,82.7699966430664,84.33999633789062,83.32505798339844,1496700,CEG
2023-01-13,83.80999755859375,85.70500183105469,83.44999694824219,85.16000366210938,84.13520050048828,1366200,CEG
2023-01-17,83.93000030517578,85.0199966430664,83.0,83.37000274658203,82.36674499511719,2763600,CEG
2023-01-18,83.31999969482422,84.51000213623047,81.7699966430664,81.8499984741211,80.86502838134766,2084900,CEG
2023-01-19,81.5999984741211,81.79000091552734,80.75499725341797,80.83999633789062,79.8671875,1635500,CEG
2023-01-20,81.12000274658203,83.0999984741211,80.44999694824219,83.0,82.00119018554688,1795100,CEG
2023-01-23,82.93000030517578,84.29000091552734,82.55799865722656,84.13999938964844,83.1274642944336,1596200,CEG
2023-01-24,84.0,84.2300033569336,82.9800033569336,83.91000366210938,82.90023803710938,1176000,CEG
2023-01-25,83.41999816894531,83.55999755859375,82.48999786376953,83.4000015258789,82.39637756347656,1535200,CEG
2023-01-26,83.62999725341797,86.06999969482422,83.27999877929688,85.87999725341797,84.84652709960938,2161100,CEG
2023-01-27,85.87999725341797,86.66000366210938,84.83999633789062,86.58000183105469,85.5381088256836,1455100,CEG
2023-01-30,85.91999816894531,86.8499984741211,82.25,82.4000015258789,81.40840911865234,3045800,CEG
2023-01-31,82.87999725341797,85.5,82.37999725341797,85.36000061035156,84.33279418945312,2509000,CEG
2023-02-01,85.45500183105469,85.87000274658203,82.875,85.41000366210938,84.38219451904297,2623400,CEG
2023-02-02,85.4800033569336,86.68000030517578,83.75499725341797,85.33000183105469,84.30315399169922,2389600,CEG
2023-02-03,84.37999725341797,85.16000366210938,83.05000305175781,83.19999694824219,82.19878387451172,1807200,CEG
2023-02-06,83.01000213623047,83.8499984741211,82.51000213623047,83.26000213623047,82.25807189941406,1502000,CEG
2023-02-07,83.33000183105469,86.2699966430664,82.33000183105469,85.93000030517578,84.89593505859375,2032900,CEG
2023-02-08,84.75,85.0,84.13999938964844,84.33999633789062,83.32505798339844,2005900,CEG
2023-02-09,84.93000030517578,85.45999908447266,83.93000030517578,84.41999816894531,83.40409851074219,1975000,CEG
2023-02-10,84.20999908447266,87.0,84.16999816894531,86.80999755859375,85.76533508300781,1350300,CEG
2023-02-13,86.88999938964844,87.30000305175781,85.94000244140625,86.38999938964844,85.35039520263672,1173500,CEG
2023-02-14,85.91999816894531,87.60199737548828,85.1500015258789,86.05999755859375,85.02436828613281,2383100,CEG
2023-02-15,84.5,86.48500061035156,84.36000061035156,86.01000213623047,84.9749755859375,2030600,CEG
2023-02-16,85.0,87.91999816894531,84.92500305175781,85.62999725341797,84.59954071044922,3037600,CEG
2023-02-17,85.19999694824219,86.04000091552734,81.9000015258789,84.55000305175781,83.53254699707031,3570700,CEG
2023-02-21,81.61000061035156,83.01000213623047,79.9000015258789,80.37000274658203,79.40283966064453,5056000,CEG
2023-02-22,79.30999755859375,79.30999755859375,76.4000015258789,77.80000305175781,76.86376953125,3341000,CEG
2023-02-23,78.0,79.44499969482422,78.0,79.22000122070312,78.26667785644531,1584900,CEG
2023-02-24,77.7300033569336,79.41000366210938,77.4800033569336,79.2699966430664,78.59585571289062,1529100,CEG
2023-02-27,79.41999816894531,80.0999984741211,77.99500274658203,78.37000274658203,77.7035140991211,1326200,CEG
2023-02-28,77.80999755859375,77.98999786376953,74.4000015258789,74.88999938964844,74.25311279296875,3584800,CEG
2023-03-01,74.12999725341797,75.38999938964844,72.83000183105469,74.3499984741211,73.71769714355469,2594400,CEG
2023-03-02,74.12999725341797,76.7300033569336,74.0,76.18000030517578,75.5321273803711,1949900,CEG
2023-03-03,76.2300033569336,79.19999694824219,76.0,78.9800033569336,78.3083267211914,2304600,CEG
2023-03-06,78.36000061035156,78.87999725341797,77.3499984741211,78.80000305175781,78.12985229492188,2295000,CEG
2023-03-07,79.06999969482422,79.06999969482422,77.31999969482422,77.9000015258789,77.23750305175781,2203900,CEG
2023-03-08,77.75,78.44999694824219,77.0999984741211,78.06999969482422,77.40605926513672,1261600,CEG
2023-03-09,78.04000091552734,80.19000244140625,77.4000015258789,78.63999938964844,77.9712142944336,3110500,CEG
2023-03-10,79.19000244140625,79.77999877929688,77.23999786376953,77.55000305175781,76.89048767089844,2895700,CEG
2023-03-13,76.93000030517578,78.6050033569336,76.48999786376953,77.0999984741211,76.44430541992188,2242400,CEG
2023-03-14,77.5,79.0999984741211,77.16999816894531,77.93000030517578,77.26724243164062,2142800,CEG
2023-03-15,77.29000091552734,77.87999725341797,76.3499984741211,77.33000183105469,76.67234802246094,1957000,CEG
2023-03-16,76.62000274658203,79.04000091552734,76.02999877929688,78.43000030517578,77.76300048828125,1962900,CEG
2023-03-17,77.72000122070312,78.45999908447266,75.98500061035156,76.7699966430664,76.11711883544922,3896500,CEG
2023-03-20,77.05999755859375,78.43000030517578,76.91000366210938,77.0,76.34515380859375,1629500,CEG
2023-03-21,77.58000183105469,78.11000061035156,75.97000122070312,76.5199966430664,75.8692398071289,2045700,CEG
2023-03-22,76.2699966430664,76.33000183105469,74.4000015258789,74.41999816894531,73.78709411621094,1863400,CEG
2023-03-23,74.66999816894531,75.12999725341797,72.7699966430664,73.4000015258789,72.7757797241211,1655400,CEG
2023-03-24,72.55999755859375,73.5199966430664,71.16000366210938,73.44000244140625,72.81543731689453,2777200,CEG
2023-03-27,73.44000244140625,75.42500305175781,73.44000244140625,75.2699966430664,74.62986755371094,3225500,CEG
2023-03-28,75.06999969482422,76.80999755859375,74.85399627685547,75.51000213623047,74.86783599853516,1752200,CEG
2023-03-29,76.29000091552734,76.55999755859375,75.42500305175781,75.87999725341797,75.23468780517578,2299500,CEG
2023-03-30,76.69000244140625,77.44000244140625,76.0,76.81999969482422,76.16669464111328,1737800,CEG
2023-03-31,76.81999969482422,78.5999984741211,76.7300033569336,78.5,77.83240509033203,2984400,CEG
2023-04-03,78.0,78.55000305175781,76.4800033569336,76.62000274658203,75.96839904785156,1894900,CEG
2023-04-04,76.66999816894531,76.97000122070312,75.12000274658203,76.0199966430664,75.37349700927734,1316200,CEG
2023-04-05,75.87999725341797,77.12000274658203,75.68000030517578,76.5,75.84941864013672,1204800,CEG
2023-04-06,76.61000061035156,76.9800033569336,76.16000366210938,76.95999908447266,76.30549621582031,1223000,CEG
2023-04-10,76.52999877929688,77.37000274658203,75.86000061035156,77.33000183105469,76.67234802246094,1485500,CEG
2023-04-11,77.76000213623047,77.80999755859375,77.17500305175781,77.41999816894531,76.76158905029297,1371500,CEG
2023-04-12,77.93000030517578,77.94999694824219,76.66000366210938,76.80999755859375,76.15677642822266,1171100,CEG
2023-04-13,76.69000244140625,77.58999633789062,76.16999816894531,77.13999938964844,76.48397064208984,1324700,CEG
2023-04-14,76.31999969482422,76.63500213623047,75.5,76.43000030517578,75.7800064086914,1328400,CEG
2023-04-17,76.58000183105469,76.82499694824219,74.66000366210938,75.04000091552734,74.4018325805664,1093300,CEG
2023-04-18,75.33999633789062,75.94999694824219,74.16999816894531,74.4800033569336,73.84658813476562,1235200,CEG
2023-04-19,74.97000122070312,75.4000015258789,74.50299835205078,74.75,74.11429595947266,1039300,CEG
2023-04-20,74.73999786376953,76.56999969482422,74.69000244140625,76.47000122070312,75.81967163085938,1926900,CEG
2023-04-21,76.81999969482422,76.96499633789062,75.95999908447266,76.55000305175781,75.89898681640625,1178900,CEG
2023-04-24,76.43000030517578,77.33499908447266,75.5999984741211,77.29000091552734,76.6326904296875,1094300,CEG
2023-04-25,76.63999938964844,77.13999938964844,75.83999633789062,76.93000030517578,76.2757568359375,1722400,CEG
2023-04-26,76.51000213623047,76.97000122070312,75.45999908447266,75.86000061035156,75.21485900878906,3100600,CEG
2023-04-27,76.2699966430664,77.23999786376953,75.9800033569336,76.75,76.0972900390625,1865700,CEG
2023-04-28,76.9000015258789,77.47000122070312,76.30000305175781,77.4000015258789,76.74176025390625,2233400,CEG
2023-05-01,77.5199966430664,77.6500015258789,76.76000213623047,77.05000305175781,76.39473724365234,1788300,CEG
2023-05-02,76.7300033569336,77.4000015258789,75.94999694824219,76.79000091552734,76.13695526123047,2554000,CEG
2023-05-03,77.19999694824219,77.5999984741211,76.1500015258789,76.51000213623047,75.85932922363281,1607000,CEG
2023-05-04,76.9800033569336,80.37000274658203,74.91000366210938,78.58999633789062,77.921630859375,3830400,CEG
2023-05-05,79.12000274658203,80.44999694824219,78.27999877929688,79.48999786376953,78.8139877319336,2359300,CEG
2023-05-08,79.73999786376953,79.8499984741211,78.08000183105469,78.70999908447266,78.04061889648438,2360100,CEG
2023-05-09,77.9800033569336,79.0999984741211,77.80999755859375,78.94999694824219,78.27857208251953,3158300,CEG
2023-05-10,79.8499984741211,80.12000274658203,78.74500274658203,79.45500183105469,78.77928161621094,1629400,CEG
2023-05-11,78.58000183105469,79.55000305175781,78.23999786376953,79.12000274658203,78.72654724121094,2497400,CEG
2023-05-12,79.44999694824219,80.38999938964844,78.86000061035156,79.8499984741211,79.45291137695312,1991000,CEG
2023-05-15,80.62999725341797,81.08999633789062,79.18000030517578,80.2699966430664,79.8708267211914,2048300,CEG
2023-05-16,80.19000244140625,80.19000244140625,78.33000183105469,79.0,78.60713958740234,3709100,CEG
2023-05-17,79.08999633789062,80.62999725341797,78.70999908447266,80.38999938964844,79.99022674560547,2329500,CEG
2023-05-18,80.2699966430664,81.47000122070312,79.56199645996094,81.4000015258789,80.99520874023438,2849300,CEG
2023-05-19,81.7300033569336,83.23500061035156,81.52999877929688,82.30000305175781,81.89073181152344,2407100,CEG
2023-05-22,82.7300033569336,83.95999908447266,82.30999755859375,83.52999877929688,83.11461639404297,1908300,CEG
2023-05-23,83.36000061035156,84.55999755859375,83.16500091552734,84.04000091552734,83.62207794189453,2232200,CEG
2023-05-24,84.04000091552734,84.37000274658203,82.55000305175781,83.30999755859375,82.89570617675781,2430300,CEG
2023-05-25,83.19999694824219,83.19999694824219,81.9000015258789,82.75,82.33849334716797,1863100,CEG
2023-05-26,82.94999694824219,83.94999694824219,82.30999755859375,83.8499984741211,83.43302154541016,2267100,CEG
2023-05-30,83.86000061035156,85.04499816894531,83.13500213623047,83.69999694824219,83.28376007080078,2198200,CEG
2023-05-31,83.52999877929688,84.55000305175781,82.44999694824219,84.0199966430664,83.60218048095703,5214700,CEG
2023-06-01,84.875,89.16200256347656,84.79000091552734,88.87999725341797,88.43800354003906,3646900,CEG
2023-06-02,88.66000366210938,89.05000305175781,87.2699966430664,87.54000091552734,87.10467529296875,3225600,CEG
2023-06-05,87.81999969482422,88.80999755859375,87.18000030517578,87.51000213623047,87.07482147216797,1819000,CEG
2023-06-06,87.13999938964844,89.88999938964844,87.13999938964844,89.55000305175781,89.10467529296875,2311500,CEG
2023-06-07,89.55000305175781,90.87999725341797,89.12999725341797,90.80999755859375,90.35841369628906,2452100,CEG
2023-06-08,91.48999786376953,92.46800231933594,91.05999755859375,92.30000305175781,91.84100341796875,3075700,CEG
2023-06-09,92.30000305175781,93.7699966430664,92.08999633789062,93.29000091552734,92.8260726928711,2530100,CEG
2023-06-12,93.0,94.0199966430664,92.87999725341797,93.75,93.2837905883789,1720700,CEG
2023-06-13,93.95999908447266,95.33000183105469,93.58999633789062,94.25,93.78130340576172,2429900,CEG
2023-06-14,94.52999877929688,95.0,92.7699966430664,93.19999694824219,92.73651885986328,2573200,CEG
2023-06-15,93.72000122070312,93.75,92.95999908447266,93.45999908447266,92.99523162841797,3712300,CEG
2023-06-16,93.58999633789062,94.5199966430664,92.73999786376953,92.88999938964844,92.42806243896484,4963400,CEG
2023-06-20,93.12999725341797,93.36000061035156,91.88999938964844,91.98999786376953,91.53253936767578,1846900,CEG
2023-06-21,90.87999725341797,91.03500366210938,89.18499755859375,90.5,90.0499496459961,2684900,CEG
2023-06-22,90.5,90.68499755859375,87.86499786376953,89.25,88.80616760253906,3205600,CEG
2023-06-23,89.63999938964844,90.69999694824219,89.12000274658203,90.36000061035156,89.91065216064453,2875900,CEG
2023-06-26,90.25,91.19999694824219,89.69000244140625,90.62999725341797,90.1792984008789,1890400,CEG
2023-06-27,90.97000122070312,91.01499938964844,89.9800033569336,90.8499984741211,90.3982162475586,1472800,CEG
2023-06-28,90.9000015258789,90.9000015258789,89.70999908447266,90.55000305175781,90.09970092773438,1605400,CEG
2023-06-29,90.51000213623047,91.34500122070312,90.13999938964844,90.87000274658203,90.41812133789062,1738700,CEG
2023-06-30,92.05000305175781,92.29000091552734,91.04000091552734,91.55000305175781,91.09473419189453,2666400,CEG
2023-07-03,91.01000213623047,91.73999786376953,90.33000183105469,91.5999984741211,91.14447784423828,1089100,CEG
2023-07-05,91.41999816894531,93.20999908447266,91.3499984741211,92.13999938964844,91.68180084228516,2087300,CEG
2023-07-06,91.47000122070312,91.47000122070312,89.8499984741211,91.0,90.5474624633789,2263300,CEG
2023-07-07,91.0,91.70999908447266,90.66000366210938,91.33000183105469,90.8758316040039,1334000,CEG
2023-07-10,91.37999725341797,93.62999725341797,91.37999725341797,93.5999984741211,93.13453674316406,1539300,CEG
2023-07-11,93.83999633789062,94.43000030517578,92.86000061035156,94.36000061035156,93.89075469970703,1260900,CEG
2023-07-12,94.94000244140625,96.16000366210938,94.08000183105469,96.05999755859375,95.5822982788086,1532600,CEG
2023-07-13,95.8499984741211,96.06999969482422,94.87999725341797,95.2699966430664,94.79622650146484,1462400,CEG
2023-07-14,94.88999938964844,95.53500366210938,94.6989974975586,95.0,94.52758026123047,1259900,CEG
2023-07-17,94.47000122070312,96.91999816894531,94.47000122070312,96.18000030517578,95.70170593261719,1951400,CEG
2023-07-18,96.0,96.6500015258789,93.88999938964844,95.37000274658203,94.89573669433594,1925300,CEG
2023-07-19,94.83000183105469,95.54000091552734,93.93000030517578,94.7300033569336,94.25891876220703,1785300,CEG
2023-07-20,95.5,97.31999969482422,95.23999786376953,96.88999938964844,96.40817260742188,1600300,CEG
2023-07-21,97.58000183105469,98.1500015258789,96.30999755859375,96.5999984741211,96.11961364746094,5081100,CEG
2023-07-24,96.5999984741211,96.80999755859375,95.76000213623047,96.55000305175781,96.06986999511719,1077800,CEG
2023-07-25,95.94999694824219,98.16000366210938,95.9000015258789,97.5199966430664,97.03504180908203,854800,CEG
2023-07-26,96.66999816894531,98.23999786376953,96.66999816894531,97.33999633789062,96.8559341430664,1243000,CEG
2023-07-27,97.7300033569336,97.75,95.19999694824219,95.41999816894531,94.94548797607422,897900,CEG
2023-07-28,96.26000213623047,96.66000366210938,95.26000213623047,95.73999786376953,95.2638931274414,1135900,CEG
2023-07-31,95.83999633789062,96.69000244140625,95.4000015258789,96.6500015258789,96.16937255859375,1170200,CEG
2023-08-01,96.23999786376953,97.08999633789062,96.06999969482422,96.30000305175781,95.82111358642578,1469600,CEG
2023-08-02,95.98999786376953,96.0250015258789,94.43000030517578,95.55000305175781,95.07483673095703,2040300,CEG
2023-08-03,95.97000122070312,103.5739974975586,95.76000213623047,101.13999938964844,100.63703918457031,3511000,CEG
2023-08-04,101.91999816894531,104.70500183105469,101.79000091552734,103.94000244140625,103.4231185913086,2723600,CEG
2023-08-07,104.58000183105469,104.6500015258789,102.7750015258789,103.75,103.23405456542969,1759800,CEG
2023-08-08,102.95999908447266,104.93000030517578,102.95999908447266,104.80999755859375,104.28878784179688,1207300,CEG
2023-08-09,104.62000274658203,105.9000015258789,104.30799865722656,105.11000061035156,104.58729553222656,1646700,CEG
2023-08-10,105.97000122070312,106.8499984741211,105.11000061035156,105.72000122070312,105.19426727294922,1563700,CEG
2023-08-11,105.44000244140625,106.71700286865234,104.98999786376953,106.55999755859375,106.31366729736328,1414100,CEG
2023-08-14,106.45999908447266,107.5999984741211,105.71299743652344,107.0,106.75265502929688,2404000,CEG
2023-08-15,106.38999938964844,106.58499908447266,105.62000274658203,106.23999786376953,105.9944076538086,1709600,CEG
2023-08-16,106.4000015258789,106.44999694824219,105.0,105.0999984741211,104.85704803466797,1835200,CEG
2023-08-17,105.4800033569336,106.1449966430664,104.56999969482422,104.81999969482422,104.57769012451172,1800600,CEG
2023-08-18,104.52999877929688,105.54000091552734,104.51000213623047,104.7699966430664,104.5278091430664,1660800,CEG
2023-08-21,104.5999984741211,106.45600128173828,104.27999877929688,106.11000061035156,105.86470794677734,1377000,CEG
2023-08-22,105.66000366210938,106.54499816894531,105.51000213623047,106.26000213623047,106.01436614990234,1276900,CEG
2023-08-23,106.94999694824219,109.26000213623047,106.94999694824219,108.44000244140625,108.1893310546875,1393500,CEG
2023-08-24,108.9000015258789,110.25,106.83999633789062,106.91999816894531,106.67283630371094,1498700,CEG
2023-08-25,106.81999969482422,107.44000244140625,105.56999969482422,105.87000274658203,105.6252670288086,1383800,CEG
2023-08-28,106.30500030517578,107.3499984741211,105.2300033569336,105.37000274658203,105.12642669677734,1088000,CEG
2023-08-29,105.2300033569336,106.16999816894531,104.80000305175781,105.54000091552734,105.29602813720703,1131500,CEG
2023-08-30,105.33999633789062,106.26799774169922,105.08999633789062,105.73999786376953,105.49556732177734,1167400,CEG
2023-08-31,105.94999694824219,106.08999633789062,103.7699966430664,104.16000366210938,103.91921997070312,2035500,CEG
2023-09-01,105.62999725341797,107.41000366210938,105.19999694824219,107.29000091552734,107.04198455810547,1338800,CEG
2023-09-05,106.55000305175781,106.7300033569336,105.1510009765625,106.05000305175781,105.80485534667969,1433200,CEG
2023-09-06,106.33000183105469,107.79000091552734,105.98999786376953,106.63999938964844,106.39348602294922,1337800,CEG
2023-09-07,107.86000061035156,110.95500183105469,107.18000030517578,108.54000091552734,108.28909301757812,1951100,CEG
2023-09-08,108.2300033569336,109.66000366210938,108.2300033569336,108.63999938964844,108.38886260986328,1428100,CEG
2023-09-11,108.80000305175781,110.39700317382812,108.6500015258789,109.9800033569336,109.72576904296875,1820700,CEG
2023-09-12,109.54000091552734,110.09500122070312,108.1500015258789,108.5,108.24918365478516,1557100,CEG
2023-09-13,108.77999877929688,110.08999633789062,108.51000213623047,109.2699966430664,109.01740264892578,1894600,CEG
2023-09-14,109.76000213623047,112.62000274658203,109.5250015258789,112.45999908447266,112.20002746582031,2308300,CEG
2023-09-15,112.45999908447266,112.68000030517578,109.80000305175781,109.93000030517578,109.6758804321289,4287700,CEG
2023-09-18,110.43000030517578,112.25,110.41000366210938,110.73999786376953,110.4840087890625,1358500,CEG
2023-09-19,111.08999633789062,111.37999725341797,110.30000305175781,110.54000091552734,110.28446960449219,1972100,CEG
2023-09-20,110.93000030517578,111.18000030517578,109.91000366210938,110.12999725341797,109.87541198730469,924500,CEG
2023-09-21,109.62999725341797,110.63999938964844,109.51000213623047,109.94000244140625,109.68585968017578,1443800,CEG
2023-09-22,109.45999908447266,110.73999786376953,108.61499786376953,110.36000061035156,110.10488891601562,1210500,CEG
2023-09-25,109.72000122070312,112.91999816894531,109.49500274658203,112.20999908447266,111.95060729980469,2115200,CEG
2023-09-26,111.66000366210938,111.71499633789062,107.93000030517578,108.48999786376953,108.23920440673828,2309700,CEG
2023-09-27,108.9800033569336,111.29000091552734,108.9800033569336,110.75,110.49398803710938,2819500,CEG
2023-09-28,110.7699966430664,110.9800033569336,108.83499908447266,109.31999969482422,109.06729125976562,1550700,CEG
2023-09-29,110.04000091552734,110.70999908447266,108.63999938964844,109.08000183105469,108.82785034179688,2867500,CEG
2023-10-02,108.30000305175781,108.30000305175781,102.76000213623047,104.7300033569336,104.48790740966797,2892500,CEG
2023-10-03,103.20999908447266,104.91999816894531,102.40499877929688,104.88999938964844,104.64752960205078,2557000,CEG
2023-10-04,104.63999938964844,106.5999984741211,104.2249984741211,106.16000366210938,105.91459655761719,1973900,CEG
2023-10-05,106.9800033569336,108.5,106.61000061035156,107.87999725341797,107.630615234375,1589200,CEG
2023-10-06,106.55000305175781,110.58000183105469,105.12999725341797,110.16999816894531,109.91532135009766,2095800,CEG
2023-10-09,110.16999816894531,111.48699951171875,109.97000122070312,111.37999725341797,111.12252807617188,1258400,CEG
2023-10-10,110.95999908447266,113.48999786376953,110.95999908447266,113.0,112.73878479003906,1464400,CEG
2023-10-11,113.91000366210938,115.1780014038086,113.30999755859375,115.06999969482422,114.80400085449219,1353300,CEG
2023-10-12,114.91000366210938,116.16000366210938,114.45999908447266,115.72000122070312,115.45249938964844,1299700,CEG
2023-10-13,116.7699966430664,117.38999938964844,112.98999786376953,113.69000244140625,113.42719268798828,1699400,CEG
2023-10-16,114.7699966430664,117.12000274658203,114.61000061035156,116.83000183105469,116.55992889404297,1701700,CEG
2023-10-17,116.05000305175781,117.98999786376953,115.70999908447266,117.1500015258789,116.87918853759766,1214600,CEG
2023-10-18,117.33000183105469,118.6449966430664,115.80999755859375,116.06999969482422,115.80168914794922,1050700,CEG
2023-10-19,116.0,116.61000061035156,114.11000061035156,114.29000091552734,114.02580261230469,981000,CEG
2023-10-20,114.11000061035156,114.79000091552734,111.91999816894531,112.0999984741211,111.84086608886719,1654400,CEG
2023-10-23,111.83000183105469,113.02999877929688,110.39900207519531,112.11000061035156,111.85084533691406,950800,CEG
2023-10-24,113.26000213623047,115.30000305175781,113.26000213623047,114.2699966430664,114.00584411621094,1930900,CEG
2023-10-25,114.2300033569336,114.2699966430664,111.66999816894531,112.02999877929688,111.77102661132812,1575000,CEG
2023-10-26,112.0,113.02999877929688,111.13999938964844,112.72000122070312,112.45943450927734,1652700,CEG
2023-10-27,113.0,113.36000061035156,109.89299774169922,110.77999877929688,110.52391815185547,1128700,CEG
2023-10-30,111.86000061035156,113.2300033569336,111.50499725341797,113.02999877929688,112.76871490478516,1271600,CEG
2023-10-31,113.12000274658203,113.51000213623047,111.16999816894531,112.91999816894531,112.65896606445312,1942000,CEG
2023-11-01,113.58999633789062,115.37999725341797,112.83000183105469,114.8499984741211,114.58450317382812,2751300,CEG
2023-11-02,114.91000366210938,117.9000015258789,114.37999725341797,117.19000244140625,116.91909790039062,1894600,CEG
2023-11-03,118.6500015258789,118.66999816894531,116.8499984741211,117.06999969482422,116.79937744140625,1853200,CEG
2023-11-06,118.98999786376953,125.6240005493164,118.05999755859375,124.7300033569336,124.4416732788086,2530800,CEG
2023-11-07,124.44000244140625,124.9739990234375,118.66000366210938,119.87000274658203,119.59290313720703,2271500,CEG
2023-11-08,120.41999816894531,121.4800033569336,118.96499633789062,121.18000030517578,120.89987182617188,1730200,CEG
2023-11-09,121.58999633789062,124.3550033569336,120.5199966430664,120.62999725341797,120.35114288330078,1603200,CEG
2023-11-10,121.44999694824219,122.7249984741211,121.3759994506836,121.7699966430664,121.48851013183594,1219700,CEG
2023-11-13,121.37999725341797,122.23600006103516,120.91000366210938,121.72000122070312,121.43862915039062,891600,CEG
2023-11-14,124.05000305175781,126.70999908447266,123.37999725341797,126.5199966430664,126.22752380371094,1433300,CEG
2023-11-15,126.58000183105469,127.23999786376953,121.69000244140625,121.98999786376953,121.70800018310547,1982200,CEG
2023-11-16,123.0,123.83000183105469,121.51000213623047,121.66999816894531,121.66999816894531,1474500,CEG
2023-11-17,122.19999694824219,123.5199966430664,121.5999984741211,121.69000244140625,121.69000244140625,1487900,CEG
2023-11-20,122.44999694824219,122.8499984741211,121.4800033569336,122.27999877929688,122.27999877929688,1041600,CEG
2023-11-21,122.9000015258789,123.18000030517578,121.8499984741211,122.51000213623047,122.51000213623047,984700,CEG
2023-11-22,122.9000015258789,123.83999633789062,121.9749984741211,123.25,123.25,1376700,CEG
2023-11-24,123.06999969482422,124.30000305175781,123.05000305175781,123.86000061035156,123.86000061035156,532500,CEG
2023-11-27,123.93000030517578,125.37999725341797,123.37000274658203,125.0999984741211,125.0999984741211,1073200,CEG
2023-11-28,124.9800033569336,126.5,123.76000213623047,124.44999694824219,124.44999694824219,2003000,CEG
2023-11-29,123.55000305175781,123.94000244140625,119.76000213623047,120.58000183105469,120.58000183105469,2078800,CEG
2023-11-30,120.58999633789062,121.86000061035156,120.51499938964844,121.04000091552734,121.04000091552734,2650000,CEG
2023-12-01,120.62000274658203,120.94000244140625,119.6500015258789,119.87999725341797,119.87999725341797,1454900,CEG
2023-12-04,119.0,119.55000305175781,118.05000305175781,118.91999816894531,118.91999816894531,1946900,CEG
2023-12-05,118.70500183105469,118.94000244140625,115.88500213623047,118.30999755859375,118.30999755859375,1805900,CEG
2023-12-06,119.33999633789062,119.66999816894531,112.22000122070312,112.62999725341797,112.62999725341797,2629800,CEG
2023-12-07,113.26000213623047,113.44000244140625,109.44999694824219,110.52999877929688,110.52999877929688,3497000,CEG
2023-12-08,109.98999786376953,111.61000061035156,109.6500015258789,111.20999908447266,111.20999908447266,2627300,CEG
2023-12-11,111.55000305175781,116.30000305175781,110.66999816894531,116.1500015258789,116.1500015258789,2582900,CEG
2023-12-12,116.16000366210938,116.4000015258789,113.8499984741211,114.48999786376953,114.48999786376953,1846200,CEG
2023-12-13,114.58999633789062,116.75,113.52999877929688,116.43000030517578,116.43000030517578,1731100,CEG
2023-12-14,116.63999938964844,117.80999755859375,115.37000274658203,115.5999984741211,115.5999984741211,2456400,CEG
2023-12-15,115.66999816894531,120.87000274658203,115.61000061035156,118.75,118.75,5714900,CEG
2023-12-18,119.56999969482422,121.54000091552734,118.91000366210938,119.36000061035156,119.36000061035156,2019800,CEG
2023-12-19,119.7699966430664,121.05000305175781,119.25499725341797,120.80999755859375,120.80999755859375,1012700,CEG
2023-12-20,119.83000183105469,120.125,117.0,117.01000213623047,117.01000213623047,1324300,CEG
2023-12-21,117.48999786376953,118.43000030517578,116.80999755859375,118.30999755859375,118.30999755859375,904600,CEG
2023-12-22,115.0,117.9800033569336,114.0199966430664,115.33000183105469,115.33000183105469,1188400,CEG
2023-12-26,115.58999633789062,117.83999633789062,115.58999633789062,117.56999969482422,117.56999969482422,740700,CEG
2023-12-27,117.27999877929688,117.76000213623047,116.87999725341797,117.41999816894531,117.41999816894531,541300,CEG
2023-12-28,118.70999908447266,118.77999877929688,116.94999694824219,117.11000061035156,117.11000061035156,559700,CEG
2023-12-29,116.7300033569336,117.2699966430664,115.93000030517578,116.88999938964844,116.88999938964844,849900,CEG
2024-01-02,116.4000015258789,117.2300033569336,114.97000122070312,115.25,115.25,1362800,CEG
2024-01-03,115.5,117.16600036621094,115.5,115.8499984741211,115.8499984741211,1372400,CEG
2024-01-04,116.20999908447266,117.10900115966797,115.0,115.36000061035156,115.36000061035156,1348900,CEG
2024-01-05,115.11000061035156,117.66200256347656,115.11000061035156,116.23999786376953,116.23999786376953,1729900,CEG
2024-01-08,116.19000244140625,117.16000366210938,115.02999877929688,117.02999877929688,117.02999877929688,1351700,CEG
2024-01-09,116.44000244140625,116.93000030517578,115.16999816894531,116.48999786376953,116.48999786376953,1514000,CEG
2024-01-10,116.0199966430664,116.43000030517578,114.96499633789062,115.8499984741211,115.8499984741211,1090500,CEG
2024-01-11,115.0,115.29000091552734,111.4800033569336,112.91000366210938,112.91000366210938,1609300,CEG
2024-01-12,113.94000244140625,114.41999816894531,112.73999786376953,112.91000366210938,112.91000366210938,1556900,CEG
